Date,Standard_OCC,Standard_Capacity,Standard_Rate,Premium_OCC,Premium_Capacity,Premium_Rate
2020-01-01,129,254,325,65,100,575
2020-01-02,126,254,325,53,100,575
2020-01-03,137,254,325,63,100,575
2020-01-04,147,254,325,58,100,575
2020-01-05,130,254,325,52,100,575
2020-01-06,120,254,325,49,100,575
2020-01-07,147,254,325,60,100,575
2020-01-08,134,254,325,38,100,575
2020-01-09,141,254,325,48,100,575
2020-01-10,136,254,325,51,100,575
2020-01-11,138,254,325,58,100,575
2020-01-12,132,254,325,55,100,575
2020-01-13,150,254,325,62,100,575
2020-01-14,146,254,325,87,100,575
2020-01-15,162,254,325,67,100,575
2020-01-16,136,254,325,67,100,575
2020-01-17,147,254,325,68,100,575
2020-01-18,152,254,325,48,100,575
2020-01-19,147,254,325,70,100,575
2020-01-20,148,254,325,76,100,575
2020-01-21,141,254,325,77,100,575
2020-01-22,140,254,325,68,100,575
2020-01-23,137,254,325,74,100,575
2020-01-24,165,254,325,61,100,575
2020-01-25,157,254,325,75,100,575
2020-01-26,156,254,325,58,100,575
2020-01-27,167,254,325,83,100,575
2020-01-28,168,254,325,72,100,575
2020-01-29,160,254,325,56,100,575
2020-01-30,162,254,325,65,100,575
2020-01-31,152,254,325,77,100,575
2020-02-01,165,254,325,78,100,575
2020-02-02,168,254,325,65,100,575
2020-02-03,176,254,325,85,100,575
2020-02-04,169,254,325,79,100,575
2020-02-05,170,254,325,78,100,575
2020-02-06,166,254,325,91,100,575
2020-02-07,173,254,325,81,100,575
2020-02-08,163,254,325,74,100,575
2020-02-09,173,254,325,62,100,575
2020-02-10,177,254,325,75,100,575
2020-02-11,159,254,325,94,100,575
2020-02-12,166,254,325,86,100,575
2020-02-13,167,254,325,76,100,575
2020-02-14,182,254,325,77,100,575
2020-02-15,186,254,325,56,100,575
2020-02-16,173,254,325,64,100,575
2020-02-17,180,254,325,78,100,575
2020-02-18,171,254,325,66,100,575
2020-02-19,182,254,325,70,100,575
2020-02-20,183,254,325,80,100,575
2020-02-21,174,254,325,82,100,575
2020-02-22,178,254,325,70,100,575
2020-02-23,186,254,325,100,100,575
2020-02-24,178,254,325,88,100,575
2020-02-25,201,254,325,81,100,575
2020-02-26,170,254,325,67,100,575
2020-02-27,181,254,325,71,100,575
2020-02-28,183,254,325,93,100,575
2020-02-29,204,254,325,90,100,575
2020-03-01,183,254,325,87,100,575
2020-03-02,170,254,325,87,100,575
2020-03-03,183,254,325,100,100,575
2020-03-04,196,254,325,82,100,575
2020-03-05,197,254,325,89,100,575
2020-03-06,198,254,325,89,100,575
2020-03-07,191,254,325,100,100,575
2020-03-08,191,254,325,88,100,575
2020-03-09,186,254,325,75,100,575
2020-03-10,179,254,325,89,100,575
2020-03-11,201,254,325,73,100,575
2020-03-12,206,254,325,89,100,575
2020-03-13,199,254,325,94,100,575
2020-03-14,199,254,325,82,100,575
2020-03-15,208,254,325,82,100,575
2020-03-16,185,254,325,93,100,575
2020-03-17,215,254,325,94,100,575
2020-03-18,201,254,325,100,100,575
2020-03-19,191,254,325,84,100,575
2020-03-20,207,254,325,95,100,575
2020-03-21,209,254,325,97,100,575
2020-03-22,201,254,325,80,100,575
2020-03-23,180,254,325,86,100,575
2020-03-24,201,254,325,82,100,575
2020-03-25,193,254,325,92,100,575
2020-03-26,202,254,325,83,100,575
2020-03-27,210,254,325,78,100,575
2020-03-28,196,254,325,100,100,575
2020-03-29,204,254,325,99,100,575
2020-03-30,193,254,325,94,100,575
2020-03-31,186,254,325,96,100,575
2020-04-01,195,254,325,88,100,575
2020-04-02,188,254,325,100,100,575
2020-04-03,214,254,325,93,100,575
2020-04-04,193,254,325,74,100,575
2020-04-05,205,254,325,100,100,575
2020-04-06,195,254,325,100,100,575
2020-04-07,191,254,325,82,100,575
2020-04-08,194,254,325,61,100,575
2020-04-09,189,254,325,78,100,575
2020-04-10,196,254,325,75,100,575
2020-04-11,199,254,325,87,100,575
2020-04-12,201,254,325,79,100,575
2020-04-13,198,254,325,96,100,575
2020-04-14,192,254,325,83,100,575
2020-04-15,198,254,325,84,100,575
2020-04-16,196,254,325,100,100,575
2020-04-17,196,254,325,97,100,575
2020-04-18,204,254,325,90,100,575
2020-04-19,190,254,325,87,100,575
2020-04-20,184,254,325,94,100,575
2020-04-21,198,254,325,72,100,575
2020-04-22,179,254,325,81,100,575
2020-04-23,184,254,325,93,100,575
2020-04-24,210,254,325,86,100,575
2020-04-25,189,254,325,92,100,575
2020-04-26,197,254,325,83,100,575
2020-04-27,193,254,325,93,100,575
2020-04-28,195,254,325,88,100,575
2020-04-29,186,254,325,93,100,575
2020-04-30,189,254,325,85,100,575
2020-05-01,185,254,325,80,100,575
2020-05-02,184,254,325,90,100,575
2020-05-03,184,254,325,91,100,575
2020-05-04,184,254,325,92,100,575
2020-05-05,175,254,325,81,100,575
2020-05-06,185,254,325,80,100,575
2020-05-07,196,254,325,89,100,575
2020-05-08,187,254,325,68,100,575
2020-05-09,175,254,325,61,100,575
2020-05-10,179,254,325,92,100,575
2020-05-11,191,254,325,78,100,575
2020-05-12,178,254,325,85,100,575
2020-05-13,191,254,325,87,100,575
2020-05-14,196,254,325,83,100,575
2020-05-15,172,254,325,74,100,575
2020-05-16,190,254,325,91,100,575
2020-05-17,176,254,325,76,100,575
2020-05-18,185,254,325,66,100,575
2020-05-19,167,254,325,83,100,575
2020-05-20,190,254,325,64,100,575
2020-05-21,180,254,325,76,100,575
2020-05-22,171,254,325,82,100,575
2020-05-23,170,254,325,91,100,575
2020-05-24,152,254,325,77,100,575
2020-05-25,182,254,325,72,100,575
2020-05-26,179,254,325,71,100,575
2020-05-27,173,254,325,67,100,575
2020-05-28,163,254,325,86,100,575
2020-05-29,168,254,325,70,100,575
2020-05-30,171,254,325,85,100,575
2020-05-31,170,254,325,77,100,575
2020-06-01,158,254,325,80,100,575
2020-06-02,147,254,325,81,100,575
2020-06-03,162,254,325,55,100,575
2020-06-04,161,254,325,58,100,575
2020-06-05,163,254,325,62,100,575
2020-06-06,147,254,325,67,100,575
2020-06-07,151,254,325,56,100,575
2020-06-08,159,254,325,73,100,575
2020-06-09,167,254,325,84,100,575
2020-06-10,159,254,325,74,100,575
2020-06-11,153,254,325,58,100,575
2020-06-12,166,254,325,98,100,575
2020-06-13,160,254,325,60,100,575
2020-06-14,162,254,325,55,100,575
2020-06-15,148,254,325,60,100,575
2020-06-16,137,254,325,50,100,575
2020-06-17,135,254,325,58,100,575
2020-06-18,143,254,325,73,100,575
2020-06-19,145,254,325,69,100,575
2020-06-20,157,254,325,49,100,575
2020-06-21,147,254,325,73,100,575
2020-06-22,141,254,325,61,100,575
2020-06-23,140,254,325,54,100,575
2020-06-24,125,254,325,61,100,575
2020-06-25,134,254,325,73,100,575
2020-06-26,133,254,325,60,100,575
2020-06-27,137,254,325,58,100,575
2020-06-28,133,254,325,49,100,575
2020-06-29,133,254,325,58,100,575
2020-06-30,127,254,325,71,100,575
2020-07-01,134,254,325,47,100,575
2020-07-02,132,254,325,60,100,575
2020-07-03,137,254,325,42,100,575
2020-07-04,144,254,325,54,100,575
2020-07-05,119,254,325,37,100,575
2020-07-06,112,254,325,61,100,575
2020-07-07,118,254,325,50,100,575
2020-07-08,106,254,325,43,100,575
2020-07-09,113,254,325,58,100,575
2020-07-10,113,254,325,52,100,575
2020-07-11,120,254,325,62,100,575
2020-07-12,103,254,325,37,100,575
2020-07-13,119,254,325,66,100,575
2020-07-14,128,254,325,50,100,575
2020-07-15,126,254,325,38,100,575
2020-07-16,113,254,325,44,100,575
2020-07-17,107,254,325,49,100,575
2020-07-18,94,254,325,45,100,575
2020-07-19,101,254,325,12,100,575
2020-07-20,115,254,325,58,100,575
2020-07-21,112,254,325,41,100,575
2020-07-22,105,254,325,31,100,575
2020-07-23,105,254,325,35,100,575
2020-07-24,112,254,325,41,100,575
2020-07-25,103,254,325,43,100,575
2020-07-26,86,254,325,34,100,575
2020-07-27,108,254,325,36,100,575
2020-07-28,104,254,325,24,100,575
2020-07-29,105,254,325,28,100,575
2020-07-30,87,254,325,50,100,575
2020-07-31,100,254,325,32,100,575
2020-08-01,98,254,325,30,100,575
2020-08-02,94,254,325,27,100,575
2020-08-03,77,254,325,19,100,575
2020-08-04,116,254,325,19,100,575
2020-08-05,87,254,325,44,100,575
2020-08-06,90,254,325,20,100,575
2020-08-07,85,254,325,21,100,575
2020-08-08,98,254,325,21,100,575
2020-08-09,93,254,325,36,100,575
2020-08-10,88,254,325,25,100,575
2020-08-11,90,254,325,7,100,575
2020-08-12,90,254,325,24,100,575
2020-08-13,88,254,325,15,100,575
2020-08-14,93,254,325,34,100,575
2020-08-15,74,254,325,38,100,575
2020-08-16,77,254,325,34,100,575
2020-08-17,64,254,325,27,100,575
2020-08-18,63,254,325,31,100,575
2020-08-19,69,254,325,22,100,575
2020-08-20,72,254,325,27,100,575
2020-08-21,82,254,325,31,100,575
2020-08-22,61,254,325,25,100,575
2020-08-23,79,254,325,22,100,575
2020-08-24,62,254,325,22,100,575
2020-08-25,81,254,325,9,100,575
2020-08-26,79,254,325,13,100,575
2020-08-27,69,254,325,38,100,575
2020-08-28,93,254,325,5,100,575
2020-08-29,71,254,325,34,100,575
2020-08-30,80,254,325,33,100,575
2020-08-31,79,254,325,8,100,575
2020-09-01,69,254,325,30,100,575
2020-09-02,72,254,325,18,100,575
2020-09-03,58,254,325,19,100,575
2020-09-04,63,254,325,13,100,575
2020-09-05,69,254,325,14,100,575
2020-09-06,75,254,325,8,100,575
2020-09-07,77,254,325,1,100,575
2020-09-08,68,254,325,16,100,575
2020-09-09,70,254,325,11,100,575
2020-09-10,61,254,325,0,100,575
2020-09-11,55,254,325,1,100,575
2020-09-12,72,254,325,22,100,575
2020-09-13,66,254,325,7,100,575
2020-09-14,54,254,325,25,100,575
2020-09-15,60,254,325,25,100,575
2020-09-16,59,254,325,4,100,575
2020-09-17,61,254,325,21,100,575
2020-09-18,59,254,325,12,100,575
2020-09-19,64,254,325,14,100,575
2020-09-20,66,254,325,18,100,575
2020-09-21,65,254,325,19,100,575
2020-09-22,69,254,325,14,100,575
2020-09-23,45,254,325,4,100,575
2020-09-24,56,254,325,16,100,575
2020-09-25,59,254,325,2,100,575
2020-09-26,60,254,325,22,100,575
2020-09-27,68,254,325,34,100,575
2020-09-28,65,254,325,0,100,575
2020-09-29,73,254,325,22,100,575
2020-09-30,59,254,325,20,100,575
2020-10-01,59,254,325,0,100,575
2020-10-02,51,254,325,2,100,575
2020-10-03,75,254,325,22,100,575
2020-10-04,61,254,325,24,100,575
2020-10-05,59,254,325,9,100,575
2020-10-06,56,254,325,12,100,575
2020-10-07,49,254,325,7,100,575
2020-10-08,50,254,325,15,100,575
2020-10-09,70,254,325,0,100,575
2020-10-10,54,254,325,31,100,575
2020-10-11,64,254,325,8,100,575
2020-10-12,66,254,325,8,100,575
2020-10-13,67,254,325,16,100,575
2020-10-14,57,254,325,11,100,575
2020-10-15,62,254,325,41,100,575
2020-10-16,71,254,325,24,100,575
2020-10-17,63,254,325,23,100,575
2020-10-18,59,254,325,16,100,575
2020-10-19,54,254,325,15,100,575
2020-10-20,64,254,325,0,100,575
2020-10-21,71,254,325,11,100,575
2020-10-22,70,254,325,10,100,575
2020-10-23,77,254,325,26,100,575
2020-10-24,73,254,325,13,100,575
2020-10-25,67,254,325,5,100,575
2020-10-26,75,254,325,19,100,575
2020-10-27,38,254,325,3,100,575
2020-10-28,72,254,325,23,100,575
2020-10-29,72,254,325,13,100,575
2020-10-30,78,254,325,0,100,575
2020-10-31,57,254,325,26,100,575
2020-11-01,71,254,325,24,100,575
2020-11-02,78,254,325,15,100,575
2020-11-03,67,254,325,11,100,575
2020-11-04,75,254,325,26,100,575
2020-11-05,72,254,325,18,100,575
2020-11-06,90,254,325,16,100,575
2020-11-07,66,254,325,25,100,575
2020-11-08,75,254,325,26,100,575
2020-11-09,81,254,325,27,100,575
2020-11-10,83,254,325,39,100,575
2020-11-11,80,254,325,26,100,575
2020-11-12,79,254,325,33,100,575
2020-11-13,91,254,325,27,100,575
2020-11-14,89,254,325,32,100,575
2020-11-15,71,254,325,34,100,575
2020-11-16,69,254,325,26,100,575
2020-11-17,78,254,325,7,100,575
2020-11-18,76,254,325,29,100,575
2020-11-19,75,254,325,33,100,575
2020-11-20,86,254,325,22,100,575
2020-11-21,75,254,325,12,100,575
2020-11-22,94,254,325,32,100,575
2020-11-23,90,254,325,26,100,575
2020-11-24,91,254,325,25,100,575
2020-11-25,90,254,325,29,100,575
2020-11-26,87,254,325,45,100,575
2020-11-27,88,254,325,35,100,575
2020-11-28,102,254,325,39,100,575
2020-11-29,91,254,325,42,100,575
2020-11-30,91,254,325,27,100,575
2020-12-01,83,254,325,47,100,575
2020-12-02,88,254,325,32,100,575
2020-12-03,84,254,325,40,100,575
2020-12-04,107,254,325,36,100,575
2020-12-05,99,254,325,53,100,575
2020-12-06,97,254,325,43,100,575
2020-12-07,103,254,325,41,100,575
2020-12-08,88,254,325,49,100,575
2020-12-09,113,254,325,32,100,575
2020-12-10,112,254,325,51,100,575
2020-12-11,110,254,325,33,100,575
2020-12-12,107,254,325,21,100,575
2020-12-13,109,254,325,27,100,575
2020-12-14,110,254,325,59,100,575
2020-12-15,113,254,325,34,100,575
2020-12-16,124,254,325,69,100,575
2020-12-17,113,254,325,45,100,575
2020-12-18,105,254,325,38,100,575
2020-12-19,128,254,325,50,100,575
2020-12-20,132,254,325,41,100,575
2020-12-21,127,254,325,49,100,575
2020-12-22,126,254,325,46,100,575
2020-12-23,134,254,325,40,100,575
2020-12-24,118,254,325,43,100,575
2020-12-25,125,254,325,48,100,575
2020-12-26,120,254,325,41,100,575
2020-12-27,127,254,325,47,100,575
2020-12-28,128,254,325,57,100,575
2020-12-29,140,254,325,61,100,575
2020-12-30,118,254,325,36,100,575
2020-12-31,136,254,325,61,100,575
2021-01-01,130,254,325,60,100,575
2021-01-02,132,254,325,38,100,575
2021-01-03,135,254,325,60,100,575
2021-01-04,121,254,325,75,100,575
2021-01-05,139,254,325,52,100,575
2021-01-06,145,254,325,52,100,575
2021-01-07,133,254,325,71,100,575
2021-01-08,141,254,325,82,100,575
2021-01-09,134,254,325,56,100,575
2021-01-10,157,254,325,55,100,575
2021-01-11,136,254,325,52,100,575
2021-01-12,142,254,325,55,100,575
2021-01-13,140,254,325,70,100,575
2021-01-14,135,254,325,52,100,575
2021-01-15,149,254,325,82,100,575
2021-01-16,146,254,325,38,100,575
2021-01-17,160,254,325,66,100,575
2021-01-18,148,254,325,83,100,575
2021-01-19,151,254,325,73,100,575
2021-01-20,155,254,325,72,100,575
2021-01-21,145,254,325,68,100,575
2021-01-22,158,254,325,68,100,575
2021-01-23,153,254,325,77,100,575
2021-01-24,152,254,325,55,100,575
2021-01-25,157,254,325,58,100,575
2021-01-26,154,254,325,75,100,575
2021-01-27,166,254,325,82,100,575
2021-01-28,164,254,325,79,100,575
2021-01-29,165,254,325,71,100,575
2021-01-30,166,254,325,86,100,575
2021-01-31,173,254,325,79,100,575
2021-02-01,168,254,325,71,100,575
2021-02-02,163,254,325,79,100,575
2021-02-03,164,254,325,82,100,575
2021-02-04,181,254,325,63,100,575
2021-02-05,173,254,325,93,100,575
2021-02-06,169,254,325,78,100,575
2021-02-07,175,254,325,72,100,575
2021-02-08,162,254,325,59,100,575
2021-02-09,167,254,325,68,100,575
2021-02-10,183,254,325,81,100,575
2021-02-11,176,254,325,87,100,575
2021-02-12,185,254,325,90,100,575
2021-02-13,172,254,325,82,100,575
2021-02-14,187,254,325,90,100,575
2021-02-15,153,254,325,81,100,575
2021-02-16,185,254,325,74,100,575
2021-02-17,198,254,325,99,100,575
2021-02-18,178,254,325,94,100,575
2021-02-19,176,254,325,98,100,575
2021-02-20,178,254,325,79,100,575
2021-02-21,194,254,325,89,100,575
2021-02-22,189,254,325,100,100,575
2021-02-23,179,254,325,93,100,575
2021-02-24,189,254,325,82,100,575
2021-02-25,175,254,325,92,100,575
2021-02-26,205,254,325,87,100,575
2021-02-27,190,254,325,84,100,575
2021-02-28,185,254,325,89,100,575
2021-03-01,187,254,325,91,100,575
2021-03-02,194,254,325,90,100,575
2021-03-03,202,254,325,94,100,575
2021-03-04,202,254,325,81,100,575
2021-03-05,183,254,325,74,100,575
2021-03-06,191,254,325,100,100,575
2021-03-07,201,254,325,88,100,575
2021-03-08,196,254,325,92,100,575
2021-03-09,194,254,325,99,100,575
2021-03-10,190,254,325,97,100,575
2021-03-11,201,254,325,97,100,575
2021-03-12,211,254,325,100,100,575
2021-03-13,202,254,325,87,100,575
2021-03-14,202,254,325,89,100,575
2021-03-15,213,254,325,98,100,575
2021-03-16,193,254,325,100,100,575
2021-03-17,199,254,325,96,100,575
2021-03-18,195,254,325,98,100,575
2021-03-19,193,254,325,100,100,575
2021-03-20,211,254,325,94,100,575
2021-03-21,213,254,325,100,100,575
2021-03-22,198,254,325,94,100,575
2021-03-23,197,254,325,100,100,575
2021-03-24,195,254,325,86,100,575
2021-03-25,212,254,325,100,100,575
2021-03-26,202,254,325,100,100,575
2021-03-27,203,254,325,94,100,575
2021-03-28,197,254,325,88,100,575
2021-03-29,216,254,325,100,100,575
2021-03-30,201,254,325,92,100,575
2021-03-31,193,254,325,90,100,575
2021-04-01,188,254,325,73,100,575
2021-04-02,190,254,325,89,100,575
2021-04-03,194,254,325,89,100,575
2021-04-04,213,254,325,100,100,575
2021-04-05,210,254,325,89,100,575
2021-04-06,213,254,325,100,100,575
2021-04-07,199,254,325,91,100,575
2021-04-08,195,254,325,100,100,575
2021-04-09,206,254,325,88,100,575
2021-04-10,197,254,325,100,100,575
2021-04-11,210,254,325,91,100,575
2021-04-12,191,254,325,98,100,575
2021-04-13,198,254,325,77,100,575
2021-04-14,201,254,325,100,100,575
2021-04-15,193,254,325,98,100,575
2021-04-16,203,254,325,83,100,575
2021-04-17,186,254,325,100,100,575
2021-04-18,212,254,325,99,100,575
2021-04-19,193,254,325,100,100,575
2021-04-20,199,254,325,82,100,575
2021-04-21,196,254,325,92,100,575
2021-04-22,204,254,325,100,100,575
2021-04-23,208,254,325,96,100,575
2021-04-24,200,254,325,79,100,575
2021-04-25,209,254,325,79,100,575
2021-04-26,202,254,325,90,100,575
2021-04-27,195,254,325,82,100,575
2021-04-28,188,254,325,85,100,575
2021-04-29,196,254,325,87,100,575
2021-04-30,189,254,325,94,100,575
2021-05-01,200,254,325,87,100,575
2021-05-02,197,254,325,83,100,575
2021-05-03,190,254,325,86,100,575
2021-05-04,198,254,325,81,100,575
2021-05-05,186,254,325,95,100,575
2021-05-06,188,254,325,100,100,575
2021-05-07,194,254,325,94,100,575
2021-05-08,175,254,325,88,100,575
2021-05-09,210,254,325,67,100,575
2021-05-10,186,254,325,70,100,575
2021-05-11,190,254,325,86,100,575
2021-05-12,178,254,325,82,100,575
2021-05-13,175,254,325,90,100,575
2021-05-14,190,254,325,88,100,575
2021-05-15,190,254,325,92,100,575
2021-05-16,173,254,325,73,100,575
2021-05-17,176,254,325,95,100,575
2021-05-18,175,254,325,92,100,575
2021-05-19,189,254,325,85,100,575
2021-05-20,188,254,325,67,100,575
2021-05-21,183,254,325,81,100,575
2021-05-22,175,254,325,86,100,575
2021-05-23,181,254,325,77,100,575
2021-05-24,178,254,325,70,100,575
2021-05-25,183,254,325,86,100,575
2021-05-26,167,254,325,50,100,575
2021-05-27,174,254,325,87,100,575
2021-05-28,163,254,325,87,100,575
2021-05-29,155,254,325,57,100,575
2021-05-30,175,254,325,49,100,575
2021-05-31,173,254,325,79,100,575
2021-06-01,159,254,325,78,100,575
2021-06-02,179,254,325,62,100,575
2021-06-03,171,254,325,90,100,575
2021-06-04,180,254,325,80,100,575
2021-06-05,163,254,325,74,100,575
2021-06-06,149,254,325,77,100,575
2021-06-07,168,254,325,52,100,575
2021-06-08,152,254,325,59,100,575
2021-06-09,165,254,325,62,100,575
2021-06-10,170,254,325,73,100,575
2021-06-11,147,254,325,83,100,575
2021-06-12,162,254,325,78,100,575
2021-06-13,159,254,325,67,100,575
2021-06-14,146,254,325,63,100,575
2021-06-15,156,254,325,58,100,575
2021-06-16,166,254,325,72,100,575
2021-06-17,147,254,325,73,100,575
2021-06-18,150,254,325,67,100,575
2021-06-19,157,254,325,67,100,575
2021-06-20,132,254,325,48,100,575
2021-06-21,149,254,325,89,100,575
2021-06-22,135,254,325,59,100,575
2021-06-23,154,254,325,56,100,575
2021-06-24,138,254,325,70,100,575
2021-06-25,152,254,325,68,100,575
2021-06-26,143,254,325,64,100,575
2021-06-27,151,254,325,52,100,575
2021-06-28,133,254,325,42,100,575
2021-06-29,140,254,325,50,100,575
2021-06-30,129,254,325,49,100,575
2021-07-01,150,254,325,58,100,575
2021-07-02,111,254,325,48,100,575
2021-07-03,141,254,325,61,100,575
2021-07-04,127,254,325,33,100,575
2021-07-05,136,254,325,52,100,575
2021-07-06,121,254,325,54,100,575
2021-07-07,127,254,325,54,100,575
2021-07-08,123,254,325,30,100,575
2021-07-09,117,254,325,45,100,575
2021-07-10,125,254,325,48,100,575
2021-07-11,122,254,325,34,100,575
2021-07-12,114,254,325,44,100,575
2021-07-13,129,254,325,46,100,575
2021-07-14,110,254,325,42,100,575
2021-07-15,114,254,325,51,100,575
2021-07-16,108,254,325,54,100,575
2021-07-17,129,254,325,45,100,575
2021-07-18,110,254,325,37,100,575
2021-07-19,122,254,325,42,100,575
2021-07-20,112,254,325,40,100,575
2021-07-21,126,254,325,27,100,575
2021-07-22,121,254,325,37,100,575
2021-07-23,111,254,325,36,100,575
2021-07-24,102,254,325,46,100,575
2021-07-25,104,254,325,45,100,575
2021-07-26,111,254,325,27,100,575
2021-07-27,99,254,325,47,100,575
2021-07-28,104,254,325,26,100,575
2021-07-29,94,254,325,41,100,575
2021-07-30,96,254,325,23,100,575
2021-07-31,96,254,325,34,100,575
2021-08-01,96,254,325,45,100,575
2021-08-02,105,254,325,29,100,575
2021-08-03,93,254,325,35,100,575
2021-08-04,111,254,325,35,100,575
2021-08-05,113,254,325,40,100,575
2021-08-06,86,254,325,30,100,575
2021-08-07,85,254,325,42,100,575
2021-08-08,95,254,325,24,100,575
2021-08-09,83,254,325,24,100,575
2021-08-10,92,254,325,37,100,575
2021-08-11,107,254,325,31,100,575
2021-08-12,77,254,325,29,100,575
2021-08-13,94,254,325,43,100,575
2021-08-14,89,254,325,39,100,575
2021-08-15,93,254,325,27,100,575
2021-08-16,85,254,325,25,100,575
2021-08-17,78,254,325,41,100,575
2021-08-18,84,254,325,22,100,575
2021-08-19,68,254,325,26,100,575
2021-08-20,77,254,325,30,100,575
2021-08-21,74,254,325,9,100,575
2021-08-22,76,254,325,20,100,575
2021-08-23,71,254,325,23,100,575
2021-08-24,88,254,325,19,100,575
2021-08-25,73,254,325,8,100,575
2021-08-26,85,254,325,18,100,575
2021-08-27,75,254,325,12,100,575
2021-08-28,78,254,325,28,100,575
2021-08-29,77,254,325,2,100,575
2021-08-30,83,254,325,29,100,575
2021-08-31,71,254,325,14,100,575
2021-09-01,81,254,325,8,100,575
2021-09-02,69,254,325,14,100,575
2021-09-03,66,254,325,22,100,575
2021-09-04,63,254,325,9,100,575
2021-09-05,69,254,325,51,100,575
2021-09-06,57,254,325,19,100,575
2021-09-07,81,254,325,7,100,575
2021-09-08,71,254,325,28,100,575
2021-09-09,76,254,325,16,100,575
2021-09-10,73,254,325,17,100,575
2021-09-11,75,254,325,7,100,575
2021-09-12,65,254,325,5,100,575
2021-09-13,83,254,325,13,100,575
2021-09-14,55,254,325,38,100,575
2021-09-15,75,254,325,43,100,575
2021-09-16,59,254,325,10,100,575
2021-09-17,69,254,325,25,100,575
2021-09-18,66,254,325,11,100,575
2021-09-19,56,254,325,10,100,575
2021-09-20,74,254,325,12,100,575
2021-09-21,51,254,325,0,100,575
2021-09-22,63,254,325,10,100,575
2021-09-23,82,254,325,44,100,575
2021-09-24,67,254,325,19,100,575
2021-09-25,65,254,325,8,100,575
2021-09-26,56,254,325,10,100,575
2021-09-27,40,254,325,24,100,575
2021-09-28,70,254,325,11,100,575
2021-09-29,57,254,325,0,100,575
2021-09-30,71,254,325,2,100,575
2021-10-01,71,254,325,10,100,575
2021-10-02,49,254,325,4,100,575
2021-10-03,63,254,325,9,100,575
2021-10-04,66,254,325,10,100,575
2021-10-05,73,254,325,0,100,575
2021-10-06,66,254,325,22,100,575
2021-10-07,57,254,325,18,100,575
2021-10-08,59,254,325,14,100,575
2021-10-09,53,254,325,15,100,575
2021-10-10,68,254,325,4,100,575
2021-10-11,64,254,325,27,100,575
2021-10-12,69,254,325,14,100,575
2021-10-13,68,254,325,10,100,575
2021-10-14,64,254,325,15,100,575
2021-10-15,66,254,325,15,100,575
2021-10-16,77,254,325,0,100,575
2021-10-17,68,254,325,6,100,575
2021-10-18,76,254,325,5,100,575
2021-10-19,61,254,325,1,100,575
2021-10-20,76,254,325,31,100,575
2021-10-21,72,254,325,39,100,575
2021-10-22,58,254,325,36,100,575
2021-10-23,74,254,325,12,100,575
2021-10-24,76,254,325,34,100,575
2021-10-25,77,254,325,11,100,575
2021-10-26,75,254,325,21,100,575
2021-10-27,67,254,325,19,100,575
2021-10-28,82,254,325,10,100,575
2021-10-29,71,254,325,25,100,575
2021-10-30,69,254,325,25,100,575
2021-10-31,82,254,325,14,100,575
2021-11-01,80,254,325,19,100,575
2021-11-02,58,254,325,17,100,575
2021-11-03,73,254,325,17,100,575
2021-11-04,63,254,325,29,100,575
2021-11-05,73,254,325,12,100,575
2021-11-06,79,254,325,9,100,575
2021-11-07,92,254,325,10,100,575
2021-11-08,72,254,325,25,100,575
2021-11-09,81,254,325,20,100,575
2021-11-10,86,254,325,26,100,575
2021-11-11,85,254,325,25,100,575
2021-11-12,82,254,325,33,100,575
2021-11-13,81,254,325,36,100,575
2021-11-14,92,254,325,25,100,575
2021-11-15,85,254,325,15,100,575
2021-11-16,87,254,325,17,100,575
2021-11-17,90,254,325,4,100,575
2021-11-18,90,254,325,35,100,575
2021-11-19,95,254,325,14,100,575
2021-11-20,89,254,325,17,100,575
2021-11-21,85,254,325,39,100,575
2021-11-22,84,254,325,36,100,575
2021-11-23,89,254,325,37,100,575
2021-11-24,83,254,325,26,100,575
2021-11-25,102,254,325,42,100,575
2021-11-26,96,254,325,33,100,575
2021-11-27,101,254,325,47,100,575
2021-11-28,84,254,325,25,100,575
2021-11-29,105,254,325,44,100,575
2021-11-30,97,254,325,37,100,575
2021-12-01,106,254,325,41,100,575
2021-12-02,92,254,325,55,100,575
2021-12-03,81,254,325,48,100,575
2021-12-04,98,254,325,35,100,575
2021-12-05,99,254,325,42,100,575
2021-12-06,107,254,325,37,100,575
2021-12-07,100,254,325,34,100,575
2021-12-08,116,254,325,42,100,575
2021-12-09,105,254,325,35,100,575
2021-12-10,101,254,325,48,100,575
2021-12-11,116,254,325,43,100,575
2021-12-12,103,254,325,68,100,575
2021-12-13,108,254,325,53,100,575
2021-12-14,116,254,325,45,100,575
2021-12-15,108,254,325,39,100,575
2021-12-16,121,254,325,61,100,575
2021-12-17,124,254,325,62,100,575
2021-12-18,108,254,325,43,100,575
2021-12-19,110,254,325,47,100,575
2021-12-20,115,254,325,54,100,575
2021-12-21,151,254,325,42,100,575
2021-12-22,127,254,325,45,100,575
2021-12-23,124,254,325,64,100,575
2021-12-24,128,254,325,53,100,575
2021-12-25,125,254,325,41,100,575
2021-12-26,119,254,325,32,100,575
2021-12-27,137,254,325,46,100,575
2021-12-28,136,254,325,60,100,575
2021-12-29,135,254,325,54,100,575
2021-12-30,131,254,325,68,100,575
2021-12-31,254,254,325,100,100,575
2022-01-01,254,254,325,100,100,575
2022-01-02,254,254,325,100,100,575
2022-01-03,147,254,325,49,100,575
2022-01-04,146,254,325,61,100,575
2022-01-05,148,254,325,64,100,575
2022-01-06,132,254,325,63,100,575
2022-01-07,142,254,325,67,100,575
2022-01-08,140,254,325,70,100,575
2022-01-09,144,254,325,58,100,575
2022-01-10,138,254,325,63,100,575
2022-01-11,143,254,325,67,100,575
2022-01-12,146,254,325,55,100,575
2022-01-13,139,254,325,68,100,575
2022-01-14,163,254,325,70,100,575
2022-01-15,152,254,325,54,100,575
2022-01-16,155,254,325,55,100,575
2022-01-17,150,254,325,69,100,575
2022-01-18,179,254,325,69,100,575
2022-01-19,159,254,325,50,100,575
2022-01-20,152,254,325,72,100,575
2022-01-21,165,254,325,72,100,575
2022-01-22,158,254,325,59,100,575
2022-01-23,160,254,325,68,100,575
2022-01-24,174,254,325,71,100,575
2022-01-25,160,254,325,64,100,575
2022-01-26,163,254,325,84,100,575
2022-01-27,170,254,325,84,100,575
2022-01-28,184,254,325,75,100,575
2022-01-29,176,254,325,78,100,575
2022-01-30,167,254,325,90,100,575
2022-01-31,160,254,325,86,100,575
2022-02-01,171,254,325,54,100,575
2022-02-02,176,254,325,83,100,575
2022-02-03,173,254,325,69,100,575
2022-02-04,169,254,325,64,100,575
2022-02-05,170,254,325,75,100,575
2022-02-06,169,254,325,70,100,575
2022-02-07,173,254,325,74,100,575
2022-02-08,190,254,325,98,100,575
2022-02-09,179,254,325,100,100,575
2022-02-10,175,254,325,69,100,575
2022-02-11,191,254,325,92,100,575
2022-02-12,181,254,325,100,100,575
2022-02-13,184,254,325,81,100,575
2022-02-14,176,254,325,100,100,575
2022-02-15,193,254,325,84,100,575
2022-02-16,183,254,325,72,100,575
2022-02-17,185,254,325,84,100,575
2022-02-18,196,254,325,73,100,575
2022-02-19,203,254,325,96,100,575
2022-02-20,188,254,325,89,100,575
2022-02-21,205,254,325,98,100,575
2022-02-22,187,254,325,82,100,575
2022-02-23,195,254,325,97,100,575
2022-02-24,178,254,325,88,100,575
2022-02-25,186,254,325,88,100,575
2022-02-26,191,254,325,90,100,575
2022-02-27,194,254,325,82,100,575
2022-02-28,196,254,325,83,100,575
2022-03-01,191,254,325,90,100,575
2022-03-02,203,254,325,99,100,575
2022-03-03,198,254,325,91,100,575
2022-03-04,189,254,325,100,100,575
2022-03-05,204,254,325,84,100,575
2022-03-06,190,254,325,97,100,575
2022-03-07,193,254,325,90,100,575
2022-03-08,205,254,325,100,100,575
2022-03-09,209,254,325,96,100,575
2022-03-10,209,254,325,78,100,575
2022-03-11,184,254,325,99,100,575
2022-03-12,203,254,325,81,100,575
2022-03-13,186,254,325,100,100,575
2022-03-14,205,254,325,86,100,575
2022-03-15,202,254,325,100,100,575
2022-03-16,196,254,325,100,100,575
2022-03-17,190,254,325,96,100,575
2022-03-18,206,254,325,82,100,575
2022-03-19,195,254,325,95,100,575
2022-03-20,195,254,325,90,100,575
2022-03-21,216,254,325,96,100,575
2022-03-22,204,254,325,91,100,575
2022-03-23,200,254,325,86,100,575
2022-03-24,221,254,325,100,100,575
2022-03-25,210,254,325,100,100,575
2022-03-26,202,254,325,85,100,575
2022-03-27,210,254,325,100,100,575
2022-03-28,207,254,325,100,100,575
2022-03-29,212,254,325,94,100,575
2022-03-30,210,254,325,86,100,575
2022-03-31,205,254,325,100,100,575
2022-04-01,199,254,325,93,100,575
2022-04-02,207,254,325,96,100,575
2022-04-03,207,254,325,99,100,575
2022-04-04,213,254,325,100,100,575
2022-04-05,222,254,325,80,100,575
2022-04-06,201,254,325,100,100,575
2022-04-07,204,254,325,97,100,575
2022-04-08,209,254,325,91,100,575
2022-04-09,196,254,325,100,100,575
2022-04-10,206,254,325,90,100,575
2022-04-11,212,254,325,96,100,575
2022-04-12,212,254,325,85,100,575
2022-04-13,215,254,325,100,100,575
2022-04-14,204,254,325,100,100,575
2022-04-15,209,254,325,94,100,575
2022-04-16,219,254,325,89,100,575
2022-04-17,182,254,325,95,100,575
2022-04-18,189,254,325,100,100,575
2022-04-19,188,254,325,92,100,575
2022-04-20,210,254,325,88,100,575
2022-04-21,201,254,325,100,100,575
2022-04-22,201,254,325,86,100,575
2022-04-23,204,254,325,100,100,575
2022-04-24,196,254,325,91,100,575
2022-04-25,204,254,325,92,100,575
2022-04-26,206,254,325,75,100,575
2022-04-27,188,254,325,70,100,575
2022-04-28,187,254,325,100,100,575
2022-04-29,219,254,325,100,100,575
2022-04-30,207,254,325,97,100,575
2022-05-01,199,254,325,91,100,575
2022-05-02,198,254,325,100,100,575
2022-05-03,214,254,325,99,100,575
2022-05-04,188,254,325,100,100,575
2022-05-05,189,254,325,79,100,575
2022-05-06,198,254,325,91,100,575
2022-05-07,185,254,325,93,100,575
2022-05-08,193,254,325,77,100,575
2022-05-09,201,254,325,93,100,575
2022-05-10,202,254,325,93,100,575
2022-05-11,185,254,325,76,100,575
2022-05-12,189,254,325,85,100,575
2022-05-13,176,254,325,100,100,575
2022-05-14,196,254,325,80,100,575
2022-05-15,181,254,325,79,100,575
2022-05-16,196,254,325,98,100,575
2022-05-17,192,254,325,85,100,575
2022-05-18,187,254,325,84,100,575
2022-05-19,189,254,325,76,100,575
2022-05-20,181,254,325,85,100,575
2022-05-21,180,254,325,83,100,575
2022-05-22,179,254,325,83,100,575
2022-05-23,193,254,325,95,100,575
2022-05-24,180,254,325,76,100,575
2022-05-25,179,254,325,90,100,575
2022-05-26,193,254,325,84,100,575
2022-05-27,176,254,325,69,100,575
2022-05-28,182,254,325,82,100,575
2022-05-29,162,254,325,95,100,575
2022-05-30,184,254,325,70,100,575
2022-05-31,180,254,325,62,100,575
2022-06-01,162,254,325,80,100,575
2022-06-02,166,254,325,92,100,575
2022-06-03,180,254,325,81,100,575
2022-06-04,174,254,325,60,100,575
2022-06-05,166,254,325,100,100,575
2022-06-06,166,254,325,76,100,575
2022-06-07,167,254,325,70,100,575
2022-06-08,160,254,325,74,100,575
2022-06-09,168,254,325,87,100,575
2022-06-10,155,254,325,69,100,575
2022-06-11,160,254,325,68,100,575
2022-06-12,157,254,325,70,100,575
2022-06-13,175,254,325,74,100,575
2022-06-14,178,254,325,66,100,575
2022-06-15,141,254,325,61,100,575
2022-06-16,163,254,325,61,100,575
2022-06-17,151,254,325,75,100,575
2022-06-18,155,254,325,66,100,575
2022-06-19,154,254,325,69,100,575
2022-06-20,154,254,325,55,100,575
2022-06-21,148,254,325,66,100,575
2022-06-22,144,254,325,52,100,575
2022-06-23,137,254,325,84,100,575
2022-06-24,149,254,325,70,100,575
2022-06-25,139,254,325,71,100,575
2022-06-26,140,254,325,66,100,575
2022-06-27,134,254,325,65,100,575
2022-06-28,148,254,325,71,100,575
2022-06-29,147,254,325,59,100,575
2022-06-30,146,254,325,69,100,575
2022-07-01,143,254,325,77,100,575
2022-07-02,139,254,325,69,100,575
2022-07-03,144,254,325,58,100,575
2022-07-04,134,254,325,100,100,575
2022-07-05,146,254,325,49,100,575
2022-07-06,147,254,325,51,100,575
2022-07-07,140,254,325,51,100,575
2022-07-08,131,254,325,46,100,575
2022-07-09,130,254,325,43,100,575
2022-07-10,121,254,325,63,100,575
2022-07-11,139,254,325,42,100,575
2022-07-12,122,254,325,52,100,575
2022-07-13,126,254,325,46,100,575
2022-07-14,149,254,325,32,100,575
2022-07-15,111,254,325,49,100,575
2022-07-16,114,254,325,39,100,575
2022-07-17,117,254,325,45,100,575
2022-07-18,119,254,325,60,100,575
2022-07-19,121,254,325,32,100,575
2022-07-20,111,254,325,69,100,575
2022-07-21,115,254,325,23,100,575
2022-07-22,103,254,325,21,100,575
2022-07-23,110,254,325,27,100,575
2022-07-24,126,254,325,27,100,575
2022-07-25,113,254,325,43,100,575
2022-07-26,103,254,325,70,100,575
2022-07-27,118,254,325,27,100,575
2022-07-28,105,254,325,33,100,575
2022-07-29,100,254,325,16,100,575
2022-07-30,103,254,325,51,100,575
2022-07-31,107,254,325,21,100,575
2022-08-01,122,254,325,19,100,575
2022-08-02,108,254,325,62,100,575
2022-08-03,106,254,325,31,100,575
2022-08-04,107,254,325,32,100,575
2022-08-05,104,254,325,28,100,575
2022-08-06,108,254,325,38,100,575
2022-08-07,87,254,325,32,100,575
2022-08-08,99,254,325,31,100,575
2022-08-09,91,254,325,49,100,575
2022-08-10,90,254,325,34,100,575
2022-08-11,98,254,325,61,100,575
2022-08-12,101,254,325,35,100,575
2022-08-13,99,254,325,0,100,575
2022-08-14,97,254,325,38,100,575
2022-08-15,109,254,325,38,100,575
2022-08-16,110,254,325,40,100,575
2022-08-17,77,254,325,49,100,575
2022-08-18,102,254,325,30,100,575
2022-08-19,98,254,325,23,100,575
2022-08-20,84,254,325,27,100,575
2022-08-21,85,254,325,27,100,575
2022-08-22,88,254,325,34,100,575
2022-08-23,82,254,325,34,100,575
2022-08-24,83,254,325,23,100,575
2022-08-25,80,254,325,10,100,575
2022-08-26,65,254,325,19,100,575
2022-08-27,71,254,325,24,100,575
2022-08-28,79,254,325,43,100,575
2022-08-29,89,254,325,21,100,575
2022-08-30,76,254,325,30,100,575
2022-08-31,86,254,325,19,100,575
2022-09-01,71,254,325,22,100,575
2022-09-02,62,254,325,29,100,575
2022-09-03,80,254,325,0,100,575
2022-09-04,57,254,325,0,100,575
2022-09-05,75,254,325,23,100,575
2022-09-06,85,254,325,4,100,575
2022-09-07,67,254,325,15,100,575
2022-09-08,83,254,325,29,100,575
2022-09-09,62,254,325,19,100,575
2022-09-10,60,254,325,24,100,575
2022-09-11,96,254,325,30,100,575
2022-09-12,64,254,325,7,100,575
2022-09-13,62,254,325,19,100,575
2022-09-14,65,254,325,10,100,575
2022-09-15,65,254,325,13,100,575
2022-09-16,71,254,325,15,100,575
2022-09-17,84,254,325,10,100,575
2022-09-18,49,254,325,21,100,575
2022-09-19,71,254,325,34,100,575
2022-09-20,63,254,325,0,100,575
2022-09-21,67,254,325,25,100,575
2022-09-22,81,254,325,5,100,575
2022-09-23,60,254,325,20,100,575
2022-09-24,78,254,325,12,100,575
2022-09-25,70,254,325,22,100,575
2022-09-26,72,254,325,20,100,575
2022-09-27,67,254,325,22,100,575
2022-09-28,73,254,325,27,100,575
2022-09-29,67,254,325,17,100,575
2022-09-30,87,254,325,27,100,575
2022-10-01,70,254,325,0,100,575
2022-10-02,59,254,325,8,100,575
2022-10-03,66,254,325,15,100,575
2022-10-04,64,254,325,33,100,575
2022-10-05,61,254,325,27,100,575
2022-10-06,64,254,325,28,100,575
2022-10-07,67,254,325,14,100,575
2022-10-08,60,254,325,21,100,575
2022-10-09,60,254,325,24,100,575
2022-10-10,78,254,325,10,100,575
2022-10-11,71,254,325,35,100,575
2022-10-12,60,254,325,8,100,575
2022-10-13,63,254,325,17,100,575
2022-10-14,56,254,325,11,100,575
2022-10-15,65,254,325,13,100,575
2022-10-16,65,254,325,11,100,575
2022-10-17,70,254,325,20,100,575
2022-10-18,54,254,325,35,100,575
2022-10-19,75,254,325,34,100,575
2022-10-20,72,254,325,28,100,575
2022-10-21,61,254,325,35,100,575
2022-10-22,65,254,325,31,100,575
2022-10-23,75,254,325,32,100,575
2022-10-24,56,254,325,14,100,575
2022-10-25,90,254,325,16,100,575
2022-10-26,71,254,325,20,100,575
2022-10-27,70,254,325,100,100,575
2022-10-28,74,254,325,33,100,575
2022-10-29,88,254,325,33,100,575
2022-10-30,74,254,325,22,100,575
2022-10-31,69,254,325,31,100,575
2022-11-01,61,254,325,19,100,575
2022-11-02,67,254,325,21,100,575
2022-11-03,69,254,325,23,100,575
2022-11-04,77,254,325,4,100,575
2022-11-05,92,254,325,7,100,575
2022-11-06,75,254,325,24,100,575
2022-11-07,78,254,325,37,100,575
2022-11-08,70,254,325,24,100,575
2022-11-09,72,254,325,29,100,575
2022-11-10,85,254,325,29,100,575
2022-11-11,76,254,325,22,100,575
2022-11-12,80,254,325,29,100,575
2022-11-13,76,254,325,47,100,575
2022-11-14,74,254,325,13,100,575
2022-11-15,78,254,325,35,100,575
2022-11-16,93,254,325,3,100,575
2022-11-17,87,254,325,39,100,575
2022-11-18,88,254,325,35,100,575
2022-11-19,85,254,325,47,100,575
2022-11-20,107,254,325,29,100,575
2022-11-21,100,254,325,47,100,575
2022-11-22,95,254,325,28,100,575
2022-11-23,95,254,325,41,100,575
2022-11-24,89,254,325,50,100,575
2022-11-25,95,254,325,45,100,575
2022-11-26,103,254,325,44,100,575
2022-11-27,108,254,325,34,100,575
2022-11-28,95,254,325,48,100,575
2022-11-29,109,254,325,43,100,575
2022-11-30,108,254,325,28,100,575
2022-12-01,105,254,325,54,100,575
2022-12-02,121,254,325,18,100,575
2022-12-03,127,254,325,36,100,575
2022-12-04,91,254,325,39,100,575
2022-12-05,125,254,325,33,100,575
2022-12-06,95,254,325,54,100,575
2022-12-07,109,254,325,41,100,575
2022-12-08,113,254,325,43,100,575
2022-12-09,104,254,325,50,100,575
2022-12-10,108,254,325,35,100,575
2022-12-11,122,254,325,57,100,575
2022-12-12,122,254,325,35,100,575
2022-12-13,108,254,325,33,100,575
2022-12-14,118,254,325,56,100,575
2022-12-15,118,254,325,46,100,575
2022-12-16,103,254,325,64,100,575
2022-12-17,125,254,325,36,100,575
2022-12-18,127,254,325,59,100,575
2022-12-19,124,254,325,44,100,575
2022-12-20,122,254,325,39,100,575
2022-12-21,135,254,325,52,100,575
2022-12-22,136,254,325,48,100,575
2022-12-23,131,254,325,69,100,575
2022-12-24,111,254,325,71,100,575
2022-12-25,130,254,325,47,100,575
2022-12-26,137,254,325,42,100,575
2022-12-27,136,254,325,57,100,575
2022-12-28,129,254,325,61,100,575
2022-12-29,128,254,325,50,100,575
2022-12-30,141,254,325,61,100,575
2022-12-31,254,254,325,100,100,575
2023-01-01,254,254,325,100,100,575
2023-01-02,254,254,325,100,100,575
2023-01-03,137,254,325,64,100,575
2023-01-04,143,254,325,82,100,575
2023-01-05,147,254,325,65,100,575
2023-01-06,142,254,325,51,100,575
2023-01-07,151,254,325,60,100,575
2023-01-08,144,254,325,73,100,575
2023-01-09,152,254,325,67,100,575
2023-01-10,153,254,325,67,100,575
2023-01-11,147,254,325,63,100,575
2023-01-12,151,254,325,50,100,575
2023-01-13,163,254,325,54,100,575
2023-01-14,168,254,325,63,100,575
2023-01-15,158,254,325,61,100,575
2023-01-16,161,254,325,69,100,575
2023-01-17,163,254,325,86,100,575
2023-01-18,147,254,325,72,100,575
2023-01-19,151,254,325,58,100,575
2023-01-20,170,254,325,76,100,575
2023-01-21,161,254,325,72,100,575
2023-01-22,155,254,325,83,100,575
2023-01-23,167,254,325,82,100,575
2023-01-24,168,254,325,82,100,575
2023-01-25,155,254,325,67,100,575
2023-01-26,177,254,325,76,100,575
2023-01-27,166,254,325,70,100,575
2023-01-28,168,254,325,85,100,575
2023-01-29,185,254,325,75,100,575
2023-01-30,166,254,325,48,100,575
2023-01-31,179,254,325,71,100,575
2023-02-01,170,254,325,85,100,575
2023-02-02,173,254,325,88,100,575
2023-02-03,178,254,325,83,100,575
2023-02-04,154,254,325,72,100,575
2023-02-05,192,254,325,73,100,575
2023-02-06,180,254,325,83,100,575
2023-02-07,183,254,325,97,100,575
2023-02-08,179,254,325,86,100,575
2023-02-09,177,254,325,77,100,575
2023-02-10,190,254,325,78,100,575
2023-02-11,197,254,325,82,100,575
2023-02-12,189,254,325,82,100,575
2023-02-13,175,254,325,100,100,575
2023-02-14,178,254,325,80,100,575
2023-02-15,185,254,325,81,100,575
2023-02-16,200,254,325,87,100,575
2023-02-17,181,254,325,87,100,575
2023-02-18,189,254,325,91,100,575
2023-02-19,188,254,325,78,100,575
2023-02-20,198,254,325,69,100,575
2023-02-21,183,254,325,100,100,575
2023-02-22,191,254,325,96,100,575
2023-02-23,197,254,325,95,100,575
2023-02-24,200,254,325,99,100,575
2023-02-25,202,254,325,84,100,575
2023-02-26,196,254,325,78,100,575
2023-02-27,203,254,325,90,100,575
2023-02-28,198,254,325,95,100,575
2023-03-01,197,254,325,97,100,575
2023-03-02,206,254,325,100,100,575
2023-03-03,192,254,325,98,100,575
2023-03-04,192,254,325,100,100,575
2023-03-05,214,254,325,100,100,575
2023-03-06,208,254,325,82,100,575
2023-03-07,196,254,325,88,100,575
2023-03-08,200,254,325,90,100,575
2023-03-09,205,254,325,91,100,575
2023-03-10,201,254,325,100,100,575
2023-03-11,199,254,325,100,100,575
2023-03-12,201,254,325,100,100,575
2023-03-13,204,254,325,91,100,575
2023-03-14,191,254,325,100,100,575
2023-03-15,211,254,325,100,100,575
2023-03-16,219,254,325,97,100,575
2023-03-17,194,254,325,93,100,575
2023-03-18,207,254,325,93,100,575
2023-03-19,205,254,325,85,100,575
2023-03-20,223,254,325,89,100,575
2023-03-21,221,254,325,100,100,575
2023-03-22,213,254,325,97,100,575
2023-03-23,205,254,325,92,100,575
2023-03-24,212,254,325,85,100,575
2023-03-25,209,254,325,100,100,575
2023-03-26,223,254,325,86,100,575
2023-03-27,210,254,325,100,100,575
2023-03-28,207,254,325,94,100,575
2023-03-29,202,254,325,100,100,575
2023-03-30,219,254,325,87,100,575
2023-03-31,222,254,325,89,100,575
2023-04-01,210,254,325,100,100,575
2023-04-02,206,254,325,100,100,575
2023-04-03,206,254,325,96,100,575
2023-04-04,199,254,325,95,100,575
2023-04-05,217,254,325,100,100,575
2023-04-06,192,254,325,78,100,575
2023-04-07,209,254,325,100,100,575
2023-04-08,207,254,325,100,100,575
2023-04-09,212,254,325,100,100,575
2023-04-10,216,254,325,86,100,575
2023-04-11,210,254,325,100,100,575
2023-04-12,195,254,325,100,100,575
2023-04-13,209,254,325,100,100,575
2023-04-14,208,254,325,93,100,575
2023-04-15,206,254,325,97,100,575
2023-04-16,209,254,325,99,100,575
2023-04-17,217,254,325,91,100,575
2023-04-18,205,254,325,100,100,575
2023-04-19,218,254,325,100,100,575
2023-04-20,201,254,325,95,100,575
2023-04-21,197,254,325,97,100,575
2023-04-22,207,254,325,83,100,575
2023-04-23,212,254,325,92,100,575
2023-04-24,196,254,325,94,100,575
2023-04-25,201,254,325,86,100,575
2023-04-26,203,254,325,97,100,575
2023-04-27,204,254,325,100,100,575
2023-04-28,197,254,325,83,100,575
2023-04-29,191,254,325,100,100,575
2023-04-30,196,254,325,88,100,575
2023-05-01,210,254,325,94,100,575
2023-05-02,208,254,325,81,100,575
2023-05-03,187,254,325,98,100,575
2023-05-04,196,254,325,83,100,575
2023-05-05,201,254,325,92,100,575
2023-05-06,191,254,325,96,100,575
2023-05-07,208,254,325,83,100,575
2023-05-08,195,254,325,96,100,575
2023-05-09,201,254,325,96,100,575
2023-05-10,200,254,325,77,100,575
2023-05-11,211,254,325,92,100,575
2023-05-12,199,254,325,100,100,575
2023-05-13,198,254,325,100,100,575
2023-05-14,202,254,325,84,100,575
2023-05-15,192,254,325,100,100,575
2023-05-16,209,254,325,93,100,575
2023-05-17,185,254,325,80,100,575
2023-05-18,194,254,325,90,100,575
2023-05-19,177,254,325,69,100,575
2023-05-20,188,254,325,93,100,575
2023-05-21,189,254,325,89,100,575
2023-05-22,201,254,325,87,100,575
2023-05-23,188,254,325,89,100,575
2023-05-24,181,254,325,82,100,575
2023-05-25,173,254,325,90,100,575
2023-05-26,173,254,325,86,100,575
2023-05-27,184,254,325,80,100,575
2023-05-28,175,254,325,85,100,575
2023-05-29,161,254,325,81,100,575
2023-05-30,188,254,325,74,100,575
2023-05-31,179,254,325,84,100,575
2023-06-01,178,254,325,84,100,575
2023-06-02,185,254,325,82,100,575
2023-06-03,166,254,325,82,100,575
2023-06-04,168,254,325,69,100,575
2023-06-05,171,254,325,77,100,575
2023-06-06,172,254,325,66,100,575
2023-06-07,172,254,325,78,100,575
2023-06-08,166,254,325,76,100,575
2023-06-09,162,254,325,86,100,575
2023-06-10,151,254,325,70,100,575
2023-06-11,164,254,325,70,100,575
2023-06-12,174,254,325,70,100,575
2023-06-13,167,254,325,68,100,575
2023-06-14,168,254,325,74,100,575
2023-06-15,164,254,325,73,100,575
2023-06-16,162,254,325,77,100,575
2023-06-17,156,254,325,65,100,575
2023-06-18,170,254,325,75,100,575
2023-06-19,152,254,325,79,100,575
2023-06-20,157,254,325,82,100,575
2023-06-21,158,254,325,72,100,575
2023-06-22,142,254,325,54,100,575
2023-06-23,146,254,325,47,100,575
2023-06-24,154,254,325,54,100,575
2023-06-25,140,254,325,57,100,575
2023-06-26,143,254,325,54,100,575
2023-06-27,152,254,325,63,100,575
2023-06-28,143,254,325,63,100,575
2023-06-29,159,254,325,67,100,575
2023-06-30,144,254,325,49,100,575
2023-07-01,153,254,325,60,100,575
2023-07-02,158,254,325,67,100,575
2023-07-03,131,254,325,43,100,575
2023-07-04,138,254,325,100,100,575
2023-07-05,139,254,325,66,100,575
2023-07-06,132,254,325,49,100,575
2023-07-07,117,254,325,69,100,575
2023-07-08,125,254,325,49,100,575
2023-07-09,124,254,325,64,100,575
2023-07-10,137,254,325,50,100,575
2023-07-11,129,254,325,52,100,575
2023-07-12,117,254,325,59,100,575
2023-07-13,117,254,325,46,100,575
2023-07-14,140,254,325,52,100,575
2023-07-15,122,254,325,48,100,575
2023-07-16,128,254,325,53,100,575
2023-07-17,141,254,325,36,100,575
2023-07-18,120,254,325,48,100,575
2023-07-19,116,254,325,56,100,575
2023-07-20,110,254,325,56,100,575
2023-07-21,116,254,325,47,100,575
2023-07-22,119,254,325,49,100,575
2023-07-23,119,254,325,47,100,575
2023-07-24,125,254,325,44,100,575
2023-07-25,126,254,325,34,100,575
2023-07-26,108,254,325,44,100,575
2023-07-27,110,254,325,29,100,575
2023-07-28,123,254,325,42,100,575
2023-07-29,121,254,325,39,100,575
2023-07-30,111,254,325,51,100,575
2023-07-31,104,254,325,35,100,575
2023-08-01,111,254,325,37,100,575
2023-08-02,117,254,325,49,100,575
2023-08-03,116,254,325,34,100,575
2023-08-04,101,254,325,37,100,575
2023-08-05,104,254,325,50,100,575
2023-08-06,108,254,325,31,100,575
2023-08-07,99,254,325,32,100,575
2023-08-08,101,254,325,30,100,575
2023-08-09,108,254,325,49,100,575
2023-08-10,93,254,325,39,100,575
2023-08-11,89,254,325,28,100,575
2023-08-12,88,254,325,20,100,575
2023-08-13,105,254,325,36,100,575
2023-08-14,95,254,325,38,100,575
2023-08-15,92,254,325,32,100,575
2023-08-16,94,254,325,21,100,575
2023-08-17,74,254,325,40,100,575
2023-08-18,89,254,325,24,100,575
2023-08-19,82,254,325,39,100,575
2023-08-20,84,254,325,37,100,575
2023-08-21,81,254,325,35,100,575
2023-08-22,80,254,325,31,100,575
2023-08-23,82,254,325,10,100,575
2023-08-24,90,254,325,24,100,575
2023-08-25,85,254,325,32,100,575
2023-08-26,74,254,325,31,100,575
2023-08-27,92,254,325,30,100,575
2023-08-28,88,254,325,1,100,575
2023-08-29,96,254,325,26,100,575
2023-08-30,77,254,325,22,100,575
2023-08-31,100,254,325,14,100,575
2023-09-01,82,254,325,38,100,575
2023-09-02,89,254,325,38,100,575
2023-09-03,66,254,325,5,100,575
2023-09-04,82,254,325,34,100,575
2023-09-05,71,254,325,28,100,575
2023-09-06,75,254,325,25,100,575
2023-09-07,78,254,325,22,100,575
2023-09-08,85,254,325,27,100,575
2023-09-09,90,254,325,22,100,575
2023-09-10,61,254,325,11,100,575
2023-09-11,65,254,325,11,100,575
2023-09-12,85,254,325,21,100,575
2023-09-13,85,254,325,31,100,575
2023-09-14,70,254,325,27,100,575
2023-09-15,67,254,325,20,100,575
2023-09-16,71,254,325,23,100,575
2023-09-17,80,254,325,18,100,575
2023-09-18,75,254,325,32,100,575
2023-09-19,73,254,325,17,100,575
2023-09-20,72,254,325,28,100,575
2023-09-21,91,254,325,16,100,575
2023-09-22,84,254,325,37,100,575
2023-09-23,67,254,325,36,100,575
2023-09-24,85,254,325,34,100,575
2023-09-25,67,254,325,6,100,575
2023-09-26,72,254,325,36,100,575
2023-09-27,78,254,325,2,100,575
2023-09-28,77,254,325,20,100,575
2023-09-29,56,254,325,36,100,575
2023-09-30,70,254,325,16,100,575
2023-10-01,80,254,325,26,100,575
2023-10-02,80,254,325,27,100,575
2023-10-03,71,254,325,15,100,575
2023-10-04,73,254,325,21,100,575
2023-10-05,75,254,325,15,100,575
2023-10-06,62,254,325,13,100,575
2023-10-07,74,254,325,31,100,575
2023-10-08,86,254,325,10,100,575
2023-10-09,78,254,325,16,100,575
2023-10-10,78,254,325,26,100,575
2023-10-11,67,254,325,31,100,575
2023-10-12,70,254,325,10,100,575
2023-10-13,84,254,325,30,100,575
2023-10-14,66,254,325,37,100,575
2023-10-15,71,254,325,23,100,575
2023-10-16,71,254,325,47,100,575
2023-10-17,70,254,325,43,100,575
2023-10-18,69,254,325,26,100,575
2023-10-19,76,254,325,28,100,575
2023-10-20,77,254,325,32,100,575
2023-10-21,68,254,325,31,100,575
2023-10-22,72,254,325,20,100,575
2023-10-23,60,254,325,14,100,575
2023-10-24,73,254,325,4,100,575
2023-10-25,76,254,325,30,100,575
2023-10-26,83,254,325,19,100,575
2023-10-27,71,254,325,38,100,575
2023-10-28,91,254,325,8,100,575
2023-10-29,76,254,325,27,100,575
2023-10-30,78,254,325,37,100,575
2023-10-31,86,254,325,100,100,575
2023-11-01,82,254,325,14,100,575
2023-11-02,74,254,325,37,100,575
2023-11-03,87,254,325,29,100,575
2023-11-04,83,254,325,20,100,575
2023-11-05,78,254,325,36,100,575
2023-11-06,83,254,325,29,100,575
2023-11-07,89,254,325,30,100,575
2023-11-08,90,254,325,43,100,575
2023-11-09,103,254,325,42,100,575
2023-11-10,84,254,325,24,100,575
2023-11-11,86,254,325,18,100,575
2023-11-12,93,254,325,24,100,575
2023-11-13,81,254,325,32,100,575
2023-11-14,104,254,325,13,100,575
2023-11-15,93,254,325,53,100,575
2023-11-16,96,254,325,31,100,575
2023-11-17,80,254,325,19,100,575
2023-11-18,98,254,325,34,100,575
2023-11-19,103,254,325,44,100,575
2023-11-20,103,254,325,37,100,575
2023-11-21,83,254,325,31,100,575
2023-11-22,89,254,325,5,100,575
2023-11-23,93,254,325,47,100,575
2023-11-24,109,254,325,34,100,575
2023-11-25,99,254,325,44,100,575
2023-11-26,97,254,325,31,100,575
2023-11-27,106,254,325,45,100,575
2023-11-28,117,254,325,45,100,575
2023-11-29,103,254,325,54,100,575
2023-11-30,114,254,325,36,100,575
2023-12-01,110,254,325,34,100,575
2023-12-02,103,254,325,16,100,575
2023-12-03,125,254,325,26,100,575
2023-12-04,109,254,325,32,100,575
2023-12-05,103,254,325,44,100,575
2023-12-06,123,254,325,49,100,575
2023-12-07,115,254,325,38,100,575
2023-12-08,121,254,325,37,100,575
2023-12-09,109,254,325,51,100,575
2023-12-10,99,254,325,45,100,575
2023-12-11,119,254,325,56,100,575
2023-12-12,116,254,325,58,100,575
2023-12-13,116,254,325,39,100,575
2023-12-14,124,254,325,42,100,575
2023-12-15,122,254,325,71,100,575
2023-12-16,127,254,325,42,100,575
2023-12-17,123,254,325,49,100,575
2023-12-18,125,254,325,48,100,575
2023-12-19,120,254,325,65,100,575
2023-12-20,148,254,325,72,100,575
2023-12-21,139,254,325,41,100,575
2023-12-22,121,254,325,49,100,575
2023-12-23,132,254,325,64,100,575
2023-12-24,130,254,325,59,100,575
2023-12-25,139,254,325,48,100,575
2023-12-26,129,254,325,55,100,575
2023-12-27,132,254,325,62,100,575
2023-12-28,142,254,325,61,100,575
2023-12-29,142,254,325,75,100,575
2023-12-30,148,254,325,57,100,575
2023-12-31,254,254,325,100,100,575
